{"loss": [1.2667076587677002, 1.2047160863876343, 1.1321043968200684, 1.1118043661117554, 1.0415732860565186, 0.998393177986145, 0.9318166375160217, 0.8749683499336243], "sparse_categorical_accuracy": [0.3605990707874298, 0.4000576138496399, 0.4700460731983185, 0.4968318045139313, 0.5299538969993591, 0.5544354915618896, 0.5898617506027222, 0.6281682252883911], "val_loss": [1.4784233570098877, 1.3280749320983887, 1.1810619831085205, 1.2351539134979248, 1.1560044288635254, 1.012595772743225, 1.0485798120498657, 0.9509342312812805], "val_sparse_categorical_accuracy": [0.26075732707977295, 0.4182443916797638, 0.49311530590057373, 0.4466437101364136, 0.5034423470497131, 0.5662650465965271, 0.5404475331306458, 0.6153184175491333]}